en	translation	gender	meaning_translation
abbey	аббатство	n	Здание или комплекс зданий, занимаемый общиной монахов или монахинь
abbreviation	аббревиатура	f	Сокращённая форма слова или фразы
ability	способность	f	Обладание средствами или умением что-либо делать
abnormality	аномалия	f	Признак или качество, которое отклоняется от нормального или ожидаемого
abortion	аборт	m	Преднамеренное прерывание беременности
absence	отсутствие	n	Состояние пребывания вдали от места или человека
absolute	абсолют	m	Ценность или принцип, рассматриваемые как универсально действительные
abstract	реферат	m	Резюме содержания книги, статьи или речи
abstraction	абстракция	f	Качество работы с идеями, а не с событиями или физическими объектами
absurd	абсурд	m	Качество или состояние нелепости или крайней неразумности
absurdity	абсурдность	f	Качество или состояние полной неразумности или нелогичности
abundance	изобилие	n	Очень большое количество чего-либо
abuse	злоупотребление	n	Ненадлежащее использование чего-либо
academy	академия	f	Место обучения или подготовки в специальной области
accent	акцент	m	Отличительный способ произношения языка
access	доступ	m	Средство или возможность подойти, войти или использовать что-либо
accessory	аксессуар	m	Вещь, которую можно добавить к чему-то другому, чтобы сделать это более полезным
accident	несчастный случай	m	Неблагоприятное происшествие, которое случается неожиданно и непреднамеренно
accommodation	жильё	n	Комната, группа комнат или здание, в котором кто-то может жить или остановиться
accomplishment	достижение	n	То, что было успешно достигнуто
accord	соглашение	n	Официальное соглашение или договор
account	отчёт	m	Сообщение или описание события или опыта
accounting	бухгалтерия	f	Действие или процесс ведения финансовых счетов
accumulation	накопление	n	Приобретение или постепенное собирание чего-либо с течением времени
achievement	достижение	n	Вещь, выполненная успешно
acid	кислота	f	Химическое вещество, нейтрализующее щёлочи
acquaintance	знакомый	m	Человек, которого кто-то знает немного, но не как близкого друга
acquisition	приобретение	n	Актив или объект, купленный или полученный
acquittal	оправдание	n	Судебное решение о том, что лицо не виновно в преступлении
acre	акр	m	Единица площади земли, равная 4840 квадратных ярдов
act	действие	n	Вещь, которая сделана
acting	актёрское мастерство	n	Искусство или занятие исполнением вымышленных ролей
action	действие	n	Факт или процесс совершения чего-либо для достижения определённой цели
activity	деятельность	f	Условие, при котором что-то происходит или делается
actor	актёр	m	Человек, чья профессия — выступать в пьесах, фильмах или телевизионных шоу
actress	актриса	f	Женщина, чья профессия — выступать в пьесах, фильмах или телевизионных шоу
actuality	действительность	f	Состояние существования в реальности
adaptation	адаптация	f	Действие или процесс адаптации или адаптирования
addiction	зависимость	f	Факт или условие зависимости от определённого вещества, вещи или деятельности
addition	добавление	n	Действие или процесс добавления чего-либо к чему-либо ещё
additive	добавка	f	Вещество, добавляемое к чему-либо в небольших количествах для улучшения или сохранения
address	адрес	m	Подробности места, где кто-то живёт или где находится организация
adherence	приверженность	f	Привязанность или приверженность человеку, делу или убеждению
administration	администрация	f	Процесс или деятельность по управлению бизнесом, организацией или системой
admiral	адмирал	m	Командующий флотом или военно-морской эскадрой
admiration	восхищение	n	Уважение и тёплое одобрение кого-то или чего-то
admission	признание	n	Заявление, подтверждающее истинность чего-либо
adornment	украшение	n	Вещь, которая украшает или декорирует
adult	взрослый	m	Человек, который полностью вырос или развился
advance	прогресс	m	Движение вперёд или прогресс
advantage	преимущество	n	Условие или обстоятельство, которое ставит кого-либо в выгодное или превосходящее положение
adventure	приключение	n	Необычный и захватывающий, обычно опасный опыт или деятельность
adversary	противник	m	Оппонент в состязании, конфликте или споре
adversity	невзгоды	f	Трудности или несчастье
advertisement	реклама	f	Объявление или сообщение в общественном средстве, продвигающее продукт, услугу или событие
advertiser	рекламодатель	m	Человек или компания, которая рекламирует продукты, услуги или события
advice	совет	m	Руководство или рекомендации относительно разумных будущих действий
adviser	советник	m	Человек, который даёт советы
advocacy	защита	f	Публичная поддержка или рекомендация определённого дела или политики
affair	дело	n	Событие или последовательность событий определённого рода
affection	привязанность	f	Нежное чувство любви или симпатии к кому-то или чему-то
affidavit	письменное показание	n	Письменное заявление, подтверждённое присягой или клятвой
affinity	сродство	n	Спонтанная или естественная симпатия или склонность к кому-то или чему-то
aftercare	послеоперационный уход	m	Уход за человеком после пребывания в больнице или лечения
afternoon	послеполуденное время	n	Время от полудня или обеденного времени до вечера
age	возраст	m	Продолжительность времени, которое прожил человек или существовала вещь
agency	агентство	n	Бизнес или организация, созданная для предоставления определённой услуги
agenda	повестка дня	f	Список вопросов, которые будут обсуждаться на официальном заседании
agent	агент	m	Человек, который действует от имени другого человека или группы
aggregate	совокупность	f	Целое, образованное объединением нескольких разрозненных элементов
agitation	волнение	n	Состояние тревоги или нервного возбуждения
agony	агония	f	Крайнее физическое или психическое страдание
agreement	соглашение	n	Гармония или согласие во мнении или чувстве
agriculture	сельское хозяйство	n	Наука или практика земледелия
aid	помощь	f	Помощь, обычно практического характера
aide	помощник	m	Помощник важного человека
aim	цель	f	Цель или намерение
air	воздух	m	Невидимое газообразное вещество, окружающее землю
airhead	глупец	m	Глупый или безрассудный человек
airport	аэропорт	m	Комплекс взлётно-посадочных полос и зданий для взлёта, посадки и обслуживания самолётов
airway	воздушная трасса	f	Маршрут, регулярно используемый самолётами
alarm	тревога	f	Тревожное осознание опасности
alaska	Аляска	f	Штат США на северо-западной окраине Северной Америки
album	альбом	m	Коллекция записей, выпущенная как отдельный предмет
alcohol	алкоголь	m	Бесцветная летучая легковоспламеняющаяся жидкость
alcoholism	алкоголизм	m	Зависимость от потребления алкогольных напитков
alibi	алиби	n	Утверждение или доказательство того, что кто-то находился в другом месте
alien	инопланетянин	m	Существо из другого мира
alignment	выравнивание	n	Расположение по прямой линии или в правильных относительных положениях
all	всё	n	Всё количество или объём определённой группы или вещи
all-nighter	ночное бдение	n	Событие или деятельность, длящаяся всю ночь
allegiance	верность	f	Лояльность или приверженность вышестоящему или группе или делу
allergy	аллергия	f	Повреждающая иммунная реакция организма на вещество
alliance	альянс	m	Союз или ассоциация, сформированная для взаимной выгоды
alligator	аллигатор	m	Крупная полуводная рептилия, похожая на крокодила
allocation	распределение	n	Действие или процесс распределения или выделения чего-либо
allotment	надел	m	Часть чего-то, выделенная кому-либо
allowance	пособие	n	Количество чего-то, что разрешено или выделено
alloy	сплав	m	Металл, изготовленный путём объединения двух или более металлических элементов
ally	союзник	m	Государство, формально сотрудничающее с другим в военных или иных целях
almond	миндаль	m	Овальное съедобное семя дерева
alpaca	альпака	f	Одомашненное южноамериканское млекопитающее, родственное ламе
alpha	альфа	f	Первая буква греческого алфавита
alphabet	алфавит	m	Набор букв или символов в фиксированном порядке
alternative	альтернатива	f	Одна из двух или более доступных возможностей
altitude	высота	f	Высота объекта или точки относительно уровня моря или уровня земли
alto	альт	m	Второй по высоте певческий голос в четырёхголосной гармонии
amateur	любитель	m	Человек, который занимается деятельностью ради удовольствия, а не как профессией
amber	янтарь	m	Твёрдая прозрачная окаменевшая смола
ambiguity	двусмысленность	f	Качество открытости для более чем одной интерпретации
ambition	амбиция	f	Сильное желание сделать или достичь чего-либо
amendment	поправка	f	Незначительное изменение или дополнение, предназначенное для улучшения текста
America	Америка	f	Континентальная масса, включающая Северный и Южный континенты
American	американец	m	Уроженец или гражданин Соединённых Штатов
amethyst	аметист	m	Драгоценный камень, состоящий из фиолетовой или пурпурной разновидности кварца
ammunition	боеприпасы	m	Запас пуль и снарядов
amnesty	амнистия	f	Официальное помилование для людей, осуждённых за политические преступления
amount	количество	n	Количество чего-либо
ampere	ампер	m	Базовая единица электрического тока в Международной системе единиц
amplitude	амплитуда	f	Максимальная величина колебания или осцилляции
amusement	развлечение	n	Состояние или опыт нахождения чего-то смешным или развлекательным
anagram	анаграмма	f	Слово или фраза, образованная путём перестановки букв другого слова или фразы
analogy	аналогия	f	Сравнение между двумя вещами с целью объяснения или пояснения
analysis	анализ	m	Детальное исследование элементов или структуры чего-либо
anarchy	анархия	f	Состояние беспорядка из-за отсутствия или непризнания власти
anatomy	анатомия	f	Отрасль науки, занимающаяся структурой тела
ancestor	предок	m	Человек, от которого кто-то произошёл
angel	ангел	m	Духовное существо, которое, как считается, действует как посланник Бога
anger	гнев	m	Сильное чувство раздражения, недовольства или враждебности
angle	угол	m	Пространство между двумя пересекающимися линиями или поверхностями
animal	животное	n	Живой организм, который питается органическими веществами
animation	анимация	f	Состояние полноты жизни или энергии
ankle	лодыжка	f	Сустав, соединяющий стопу с ногой
anniversary	годовщина	f	Дата, на которую событие произошло в предыдущем году
announcement	объявление	n	Публичное и обычно формальное заявление о факте, происшествии или намерении
announcer	диктор	m	Человек, который объявляет что-то
annoyance	раздражение	n	Чувство или состояние раздражённости
answer	ответ	m	Вещь, сказанная, написанная или сделанная в ответ на вопрос, заявление или ситуацию
ant	муравей	m	Маленькое насекомое, обычно имеющее жало и живущее в сложных социальных колониях
antarctic	Антарктика	f	Регион вокруг Южного полюса
antelope	антилопа	f	Быстроногое копытное млекопитающее, похожее на оленя
anthem	гимн	m	Воодушевляющая или вдохновляющая песня, связанная с определённой группой
anthropology	антропология	f	Изучение человеческих обществ и культур и их развития
antibiotic	антибиотик	m	Лекарство, которое подавляет рост микроорганизмов или уничтожает их
antibody	антитело	n	Белок крови, вырабатываемый в ответ на специфический антиген
anticipation	предвкушение	n	Действие предвидения чего-либо
antidote	противоядие	n	Лекарство, принимаемое или даваемое для противодействия определённому яду
antique	антиквариат	m	Предмет коллекционирования, имеющий высокую ценность из-за своего возраста
antiquity	древность	f	Древнее прошлое
antiseptic	антисептик	m	Вещество, предотвращающее рост микроорганизмов, вызывающих заболевания
anxiety	тревога	f	Чувство беспокойства, нервозности или беспокойства по поводу чего-то с неопределённым результатом
anybody	кто-нибудь	m	Любое лицо или люди
anyone	любой	m	Любое лицо или люди
anything	что-нибудь	n	Используется для обозначения вещи, любой вещи
anywhere	место	n	В любом месте или к любому месту
apartment	квартира	f	Набор комнат, образующих одну резиденцию
apathy	апатия	f	Отсутствие интереса, энтузиазма или беспокойства
ape	обезьяна	f	Крупный примат, не имеющий хвоста
aperture	апертура	f	Отверстие, дыра или щель
apex	вершина	f	Верхняя или наивысшая часть чего-то
apocalypse	апокалипсис	m	Полное окончательное разрушение мира
apology	извинение	n	Сожалеющее признание обиды или неудачи
apostrophe	апостроф	m	Знак пунктуации, используемый для обозначения владения
apparatus	аппарат	m	Техническое оборудование или механизмы, необходимые для конкретной деятельности
apparel	одежда	f	Одежда, особенно определённого вида или для определённого использования
appeal	обращение	n	Серьёзная или срочная просьба
appearance	внешность	f	Способ, которым кто-то или что-то выглядит
appetite	аппетит	m	Естественное желание удовлетворить телесную потребность, особенно в еде
appetizer	закуска	f	Небольшое блюдо из еды или напитка, принимаемое перед едой для стимуляции аппетита
applause	аплодисменты	m	Одобрение или похвала, выраженная аплодированием
apple	яблоко	n	Круглый плод дерева семейства розовых
appliance	прибор	m	Устройство или оборудование, предназначенное для выполнения определённой задачи
applicant	заявитель	m	Человек, который подаёт официальное заявление на что-либо
application	заявление	n	Формальный запрос к власти о чём-либо
appointment	встреча	f	Договорённость о встрече с кем-то в определённое время и место
appraisal	оценка	f	Оценка стоимости или качества чего-либо
appreciation	признательность	f	Признание и наслаждение хорошими качествами кого-то или чего-то
apprehension	опасение	n	Беспокойство или страх, что что-то плохое или неприятное произойдёт
apprentice	подмастерье	m	Человек, который изучает ремесло у квалифицированного работодателя
apprenticeship	ученичество	n	Должность ученика
approach	подход	m	Способ решения чего-либо
appropriation	ассигнование	n	Действие по присвоению чего-либо для собственного использования
approval	одобрение	n	Действие официального согласия с чем-либо
apricot	абрикос	m	Сочный косточковый плод с желтовато-оранжевой мякотью
April	апрель	m	Четвёртый месяц года в григорианском календаре
apron	фартук	m	Защитная одежда, носимая спереди одежды и завязанная сзади
aquatic	водное существо	n	Организм, живущий в воде или около воды
arab	араб	m	Член семитского народа, населяющего большую часть Ближнего Востока и Северной Африки
arbitration	арбитраж	m	Использование арбитра для урегулирования спора
arc	дуга	f	Часть окружности кривой, особенно окружности
arch	арка	f	Изогнутая симметричная конструкция, перекрывающая проём и поддерживающая вес сверху
archaeologist	археолог	m	Человек, который изучает историю человечества и предысторию через раскопки и анализ артефактов
archaeology	археология	f	Изучение человеческой деятельности посредством восстановления и анализа материальной культуры
archer	лучник	m	Человек, который стреляет из лука и стрелами
archipelago	архипелаг	m	Обширная группа островов
architect	архитектор	m	Человек, который проектирует здания и во многих случаях руководит их строительством
architecture	архитектура	f	Искусство или практика проектирования и строительства зданий
archive	архив	m	Коллекция исторических документов или записей, предоставляющих информацию о месте
arctic	Арктика	f	Регионы вокруг Северного полюса
area	область	f	Регион или часть города, страны или мира
arena	арена	f	Ровная площадка, окружённая сидениями для зрителей
argument	спор	m	Обмен расходящимися или противоположными взглядами
aristocracy	аристократия	f	Высший класс в определённых обществах
arithmetic	арифметика	f	Раздел математики, занимающийся свойствами и манипуляциями с числами
arizona	Аризона	f	Штат на юго-западе Соединённых Штатов
arm	рука	f	Каждая из двух верхних конечностей человеческого тела от плеча до кисти
armament	вооружение	n	Военное оружие и снаряжение
armor	броня	f	Металлические покрытия, которые раньше носили солдаты или воины для защиты тела в бою
army	армия	f	Организованная военная сила, оснащённая для боевых действий на суше
aroma	аромат	m	Отличительный, обычно приятный запах
arrangement	расположение	n	Действие, процесс или результат расположения или расположения
array	массив	m	Впечатляющий показ или диапазон определённого типа вещей
arrest	арест	m	Действие захвата кого-либо для взятия под стражу
arrival	прибытие	n	Действие или процесс прибытия
arrow	стрела	f	Снаряд с заострённой головкой и оперённым хвостом, выпускаемый из лука
arsenal	арсенал	m	Коллекция оружия и военного снаряжения
art	искусство	n	Выражение или применение творческих человеческих навыков и воображения
artery	артерия	f	Любая из трубок с мышечными стенками, образующих часть системы кровообращения
artichoke	артишок	m	Средиземноморское растение с чертополоховидными цветочными головками
article	статья	f	Определённый предмет или объект
artillery	артиллерия	f	Орудия большого калибра, используемые в войне на суше
artist	художник	m	Человек, который создаёт картины или рисунки как профессию или хобби
ascent	восхождение	n	Восходящий склон или путь, по которому можно идти или подниматься
ash	пепел	m	Порошкообразный остаток, оставшийся после сжигания вещества
Asia	Азия	f	Крупнейший и самый густонаселённый континент мира
aspect	аспект	m	Определённая часть или особенность чего-либо
aspiration	стремление	n	Надежда или амбиция достижения чего-либо
aspirin	аспирин	m	Синтетическое соединение, используемое в медицине для облегчения боли
assault	нападение	n	Физическое нападение
assembly	собрание	n	Группа людей, собравшихся вместе в одном месте для общей цели			
assertion			
assessment			
asset			
assignment			
assistance			
assistant			
associate			
association			
assortment			
assumption			
assurance			
asteroid			
asthma			
astonishment			
astrology			
astronaut			
astronomy			
astrophysics			
asylum			
athlete			
athletics			
atlas			
atmosphere			
atom			
atrocity			
attachment			
attack			
attainment			
attempt			
attendance			
attendant			
attention			
attitude			
attorney			
attraction			
attribute			
auction			
audience			
audit			
audition			
auditor			
auditorium			
August			
aunt			
austerity			
Australia			
Australian			
author			
authority			
auto			
autobiography			
automation			
automobile			
autonomy			
autumn			
availability			
avalanche			
avenue			
average			
aversion			
aviation			
avocado			
award			
awareness			
ax			
axis			
baby			
bachelor			
back			
backache			
backbone			
background			
backing			
backlog			
backup			
bacon			
bacteria			
badge			
badger			
badminton			
bae			
bag			
baggage			
bail			
bailout			
baker			
balance			
ball			
ballad			
ballet			
balloon			
ballot			
bamboo			
ban			
banana			
band			
bandage			
bang			
bank			
banker			
banking			
bankruptcy			
banner			
baptism			
bar			
barbarism			
barbecue			
barber			
bargain			
bark			
barley			
barn			
baroque			
barracks			
barrel			
barrier			
base			
baseball			
basement			
basin			
basis			
basket			
basketball			
bass			
bat			
bath			
bathe			
bathroom			
battalion			
battery			
battle			
battlefield			
battleship			
bay			
beach			
beam			
bean			
bear			
beard			
bearing			
beast			
beat			
beauty			
beaver			
bed			
bedroom			
bedtime			
bee			
beef			
beefsteak			
beer			
beetle			
behavior			
belief			
bell			
bellow			
belly			
beloved			
belt			
bench			
bend			
benefit			
benjamin			
berry			
bestie			
bestseller			
beta			
betrayal			
beverage			
beyond			
bibimbap			
bible			
bibliography			
bicycle			
bid			
biggie			
bill			
billboard			
billiards			
billion			
bin			
bind			
binder			
biochemistry			
biodiversity			
biography			
biologist			
biology			
biophysics			
birch			
bird			
birth			
birthday			
birthrate			
biryani			
biscuit			
bishop			
bit			
bite			
bitter			
black			
blackboard			
blade			
blame			
blanket			
blast			
blaze			
blessing			
blimp			
blind			
blister			
blizzard			
block			
blood			
bloom			
blossom			
blouse			
blow			
blue			
blueberry			
blur			
blush			
board			
boardroom			
boat			
body			
bog			
boil			
bolt			
bomb			
bombardment			
bomber			
bond			
bone			
bonus			
boo			
book			
bookkeeping			
boom			
boot			
booth			
border			
borderline			
borrowing			
borscht			
boss			
botany			
bother			
bottle			
bottom			
bounce			
bounty			
bouquet			
bourgeois			
bout			
bowel			
bowl			
bowling			
box			
boxing			
boy			
boyhood			
brace			
bracelet			
brag			
braid			
brain			
brake			
branch			
brand			
brandy			
brass			
Brazil			
breach			
bread			
breadth			
break			
breakdown			
breakfast			
breast			
breath			
breeze			
brew			
bribe			
brick			
bride			
bridge			
brief			
brilliant			
brink			
Britain			
broadcast			
broadcasting			
broccoli			
broker			
bronze			
brook			
broth			
brother			
brow			
brown			
browse			
bruise			
brunch			
brush			
brutality			
brute			
bubble			
buck			
bucket			
buckle			
bud			
buddhism			
buddhist			
buddy			
budget			
buff			
buffalo			
bug			
build			
builder			
building			
bulgogi			
bulk			
bull			
bullet			
bun			
bunch			
burden			
bureau			
bureaucracy			
burial			
burn			
bus			
bush			
business			
businessperson			
bustle			
but			
butler			
butt			
butter			
butterfly			
button			
buyer			
buyout			
buzz			
cabbage			
cabinet			
cable			
cactus			
cadet			
cafe			
cage			
cake			
cakewalk			
calamity			
calcium			
calculation			
calculus			
calendar			
calf			
California			
call			
calm			
camel			
camera			
camp			
campaign			
campus			
can			
Canada			
canal			
canary			
cancel			
cancellation			
cancer			
candidate			
candle			
candy			
cane			
canoe			
canon			
canopy			
canvas			
canyon			
cap			
capability			
capacitance			
capacity			
cape			
capital			
capitalism			
captain			
capture			
car			
carbon			
card			
cardinal			
care			
career			
cargo			
caricature			
carnation			
carnival			
carol			
carp			
carpet			
carriage			
carrier			
carrot			
cartoon			
case			
cash			
cast			
caste			
casting			
castle			
casual			
cat			
catalog			
catalyst			
catch			
category			
caterpillar			
cathedral			
catholic			
cattle			
cauliflower			
cause			
caution			
cavalry			
cave			
ceasefire			
cedar			
ceiling			
celebration			
celebrity			
celery			
cell			
cellar			
cello			
cement			
censor			
censorship			
census			
cent			
center			
centimeter			
century			
cereal			
ceremonial			
ceremony			
certainty			
certificate			
chain			
chair			
chairman			
chalk			
challenge			
chamber			
champagne			
champion			
championship			
chance			
chancellor			
change			
channel			
chapati			
chapel			
chapter			
character			
characteristic			
charcoal			
charge			
charity			
charm			
chart			
charter			
chase			
cheat			
check			
checkup			
cheek			
cheer			
cheese			
chemical			
chemist			
chemistry			
cherry			
chess			
chest			
chestnut			
chew			
chick			
chicken			
chickpea			
chief			
child			
childhood			
chill			
chime			
chin			
China			
Chinese			
chip			
chlorine			
chocolate			
choice			
choir			
choke			
chop			
chord			
chore			
chorus			
christ			
christian			
christianity			
Christmas			
chromosome			
chronicle			
chuck			
chump			
church			
cider			
cinema			
circle			
circulation			
circumstance			
circus			
citation			
citizen			
citizenship			
city			
civility			
civilization			
claim			
clam			
clamor			
clamp			
clap			
clash			
class			
classic			
classmate			
classroom			
clatter			
clause			
claw			
clay			
cleaning			
cleanser			
cleanup			
clearance			
clearing			
clench			
clergy			
clergyman			
clerical			
clerk			
client			
cliff			
climate			
climax			
climb			
clinic			
clip			
cloak			
clock			
close			
closet			
closure			
cloth			
clothes			
clothing			
cloud			
clover			
club			
clue			
clutch			
coach			
coal			
coalition			
coast			
coat			
coating			
cock			
cocktail			
cocoa			
coconut			
cod			
code			
coffee			
coffin			
coin			
coincidence			
cola			
cold			
collaboration			
collapse			
collar			
collateral			
colleague			
collection			
college			
colonel			
colony			
color			
coloring			
Colosseum			
column			
comb			
combat			
combination			
comedy			
comer			
comet			
comfort			
comic			
command			
commander			
comment			
commentary			
commerce			
commercial			
commission			
commitment			
committee			
common			
commonwealth			
communication			
communion			
communism			
communist			
community			
companion			
company			
comparative			
comparison			
compass			
compassion			
compensation			
competence			
competition			
compilation			
complaint			
completion			
complexion			
complexity			
complication			
compliment			
composer			
composition			
compost			
compound			
compromise			
compulsion			
computer			
comrade			
conceit			
concentration			
concept			
conception			
concern			
concert			
concession			
conclusion			
concrete			
condemnation			
condition			
condominium			
conduct			
conductor			
conference			
confession			
confidence			
confinement			
conflict			
confusion			
conglomerate			
congratulation			
congregation			
congress			
conjunction			
connection			
conqueror			
conquest			
conscience			
conscious			
consciousness			
conscription			
consequence			
consideration			
consignment			
consistency			
consolation			
consortium			
conspiracy			
constable			
constellation			
constitution			
constraint			
construction			
consulate			
consultancy			
consultation			
consulting			
consumer			
consumption			
contact			
container			
contamination			
contempt			
content			
contention			
contest			
context			
continent			
contingent			
continuation			
continuity			
contour			
contract			
contraction			
contractor			
contrary			
contrast			
contribution			
control			
controversy			
convenience			
convention			
conversation			
converse			
conversion			
conveyance			
conviction			
cook			
cookery			
cookie			
cooking			
cool			
cooperation			
coordinate			
cop			
copper			
copy			
copyright			
coral			
cord			
cordial			
core			
cork			
corn			
corner			
corporal			
corporation			
corps			
correction			
correlation			
correspondence			
correspondent			
corridor			
corruption			
cosmetic			
cosmos			
cost			
costume			
cottage			
cotton			
couch			
cough			
council			
counsel			
counseling			
count			
countenance			
counter			
country			
countryside			
county			
coup			
couple			
courage			
courier			
course			
court			
courtesy			
courthouse			
courtroom			
courtship			
cousin			
cover			
coverage			
cow			
coward			
crab			
crack			
cracker			
cradle			
craft			
cram			
cramp			
crane			
crash			
crawl			
cream			
creation			
creator			
creature			
credit			
creditor			
creed			
creek			
creep			
crescent			
crew			
crib			
crime			
criminal			
crisis			
criterion			
critic			
criticism			
crocodile			
crop			
cross			
crossing			
crouch			
crow			
crowd			
crown			
cruelty			
cruise			
crumb			
crunch			
crusade			
crush			
crust			
crutch			
cry			
crystal			
cube			
cuckoo			
cucumber			
cuddle			
cuff			
cult			
cultivation			
culture			
cup			
cure			
curfew			
curiosity			
curl			
currency			
current			
curriculum			
curry			
curse			
curtain			
curve			
cushion			
custard			
custody			
custom			
customer			
cut			
cutback			
cycle			
cycling			
dad			
daffodil			
daily			
dairy			
daisy			
dam			
damage			
damn			
dance			
dancer			
dandelion			
danger			
dare			
dark			
darkness			
darling			
dart			
dash			
data			
database			
date			
daughter			
dawn			
day			
daybreak			
daylight			
daytime			
daze			
dazzle			
dead			
deadline			
deadlock			
deal			
dealer			
dealership			
dealing			
dear			
death			
debate			
debt			
debtor			
decade			
deceit			
December			
decency			
deception			
decision			
deck			
declaration			
decline			
decoration			
decrease			
decree			
dedication			
deduction			
deep			
deer			
default			
defeat			
defect			
defendant			
defense			
deficiency			
deficit			
definition			
deflation			
degree			
deity			
delay			
delegate			
delegation			
delicacy			
delight			
delivery			
delta			
deluge			
demand			
democracy			
demonstration			
denial			
denim			
denomination			
density			
dentist			
department			
departure			
dependency			
deportation			
deposit			
deposition			
depreciation			
depression			
depth			
deputy			
deregulation			
descent			
description			
desert			
design			
designation			
designer			
desire			
desk			
desktop			
despair			
dessert			
destination			
destiny			
destruction			
detachment			
detail			
detection			
detective			
determination			
devaluation			
developer			
development			
device			
devil			
devotion			
dew			
diabetes			
diagnosis			
diagram			
dial			
dialogue			
diamond			
diaper			
diary			
dice			
dictation			
dictatorship			
dictionary			
die			
diet			
difference			
difficulty			
diffraction			
dig			
digestion			
dignity			
dime			
dimension			
dining			
dinner			
dinosaur			
dip			
diploma			
diplomacy			
diplomat			
direction			
director			
directory			
dirt			
disability			
disadvantage			
disagreement			
disappointment			
disapproval			
disarmament			
disaster			
discard			
discharge			
discipline			
disclosure			
disco			
discomfort			
discord			
discount			
discouragement			
discourse			
discovery			
discredit			
discrimination			
discussion			
disease			
disgrace			
disgust			
dish			
dishonor			
disk			
dismissal			
disorder			
dispatch			
displacement			
display			
disposal			
disposition			
dispute			
dissatisfaction			
dissolution			
distance			
distinction			
distortion			
distraction			
distress			
distribution			
distributor			
district			
disturbance			
ditch			
diversion			
diversity			
dividend			
divinity			
division			
divorce			
dock			
doctor			
doctrine			
document			
dog			
dogma			
doll			
dollar			
dolphin			
domain			
domestic			
domination			
dominion			
don			
donation			
donkey			
donut			
doom			
door			
doorway			
dope			
dork			
dormitory			
dose			
dot			
double			
doubt			
down			
downtown			
dozen			
draft			
dragon			
drama			
drawer			
drawing			
dream			
dress			
drill			
drink			
drive			
driver			
drop			
drug			
drugstore			
drum			
duck			
duckling			
due			
duke			
dump			
dumpling			
duration			
dust			
duty			
dynamics			
dynasty			
each			
eagle			
ear			
early			
earth			
earthquake			
east			
echo			
economics			
economy			
edge			
edition			
editor			
education			
eel			
effect			
effectiveness			
efficiency			
effort			
egg			
ego			
eight			
either			
elbow			
election			
electricity			
electronics			
element			
elephant			
elevator			
elimination			
email			
emergency			
emission			
emotion			
emperor			
emphasis			
empire			
employee			
employer			
employment			
end			
ending			
endowment			
endurance			
enemy			
energy			
enforcement			
engagement			
engineer			
England			
English			
enjoyment			
enlargement			
enlightenment			
enrollment			
ensemble			
entail			
enterprise			
entertainment			
enthusiasm			
entity			
entrance			
entry			
environment			
envy			
enzyme			
epidemic			
episode			
epoch			
equality			
equation			
equator			
equipment			
equity			
eraser			
erection			
error			
eruption			
escape			
escort			
essence			
establishment			
estate			
esteem			
estimate			
estimation			
eternal			
eternity			
ethic			
etiquette			
euphemism			
euro			
Europe			
evacuation			
eve			
evening			
event			
evergreen			
everlasting			
evidence			
evil			
evolution			
ex			
exaggeration			
exam			
examination			
example			
exception			
excess			
exchange			
excitement			
exclamation			
excursion			
excuse			
execution			
executive			
exemption			
exercise			
exertion			
exhaust			
exhibition			
exile			
existence			
exodus			
expanse			
expansion			
expectation			
expedition			
expenditure			
expense			
experience			
experiment			
expert			
explanation			
explosion			
export			
exposition			
exposure			
express			
expression			
extension			
extent			
exterior			
extinction			
extract			
extraction			
extravagance			
extreme			
extremist			
eye			
fable			
fabric			
face			
facility			
facing			
facsimile			
fact			
faction			
factor			
factory			
failure			
fair			
fairness			
fairy			
faith			
fake			
falcon			
fall			
falsehood			
fame			
familiarity			
family			
famine			
fan			
fancy			
fantasy			
fare			
farewell			
farm			
farmer			
farmhand			
farmhouse			
farming			
farmland			
fascination			
fascism			
fashion			
fat			
fatality			
fate			
father			
fatigue			
fault			
favor			
favorite			
fear			
feast			
feather			
feature			
February			
federation			
fee			
feed			
feedback			
feel			
feeling			
fellow			
fellowship			
felony			
fence			
ferment			
fern			
fertilizer			
festival			
festivity			
fever			
fiber			
fiction			
fidelity			
field			
fifteen			
fifteenth			
fifth			
fiftieth			
fifty			
fig			
fight			
fighter			
figure			
fill			
film			
finance			
fine			
finger			
finish			
fir			
fire			
firework			
firm			
first			
fish			
fishery			
fishing			
fist			
fit			
fitness			
five			
fix			
flag			
flair			
flame			
flap			
flare			
flash			
flat			
flavor			
flavoring			
flea			
flesh			
flextime			
flick			
flicker			
flight			
fling			
flint			
flock			
flood			
floor			
flop			
flour			
flow			
flower			
fluid			
flurry			
flush			
flute			
flutter			
flux			
fly			
focus			
fodder			
fog			
foil			
fold			
folk			
folly			
food			
fool			
foot			
football			
force			
fore			
forefront			
foreground			
forehead			
foreigner			
foresight			
forest			
fork			
form			
formality			
formation			
formula			
formulation			
fort			
forth			
fortieth			
fortune			
forty			
fossil			
foster			
foul			
foundation			
four			
fourteen			
fourteenth			
fourth			
fowl			
fox			
fraction			
fracture			
frame			
franchise			
frank			
fraternity			
fraud			
fray			
freak			
freebie			
freedom			
freeze			
freight			
French			
frequency			
fret			
Friday			
friend			
friendship			
fright			
frill			
front			
fruit			
fuel			
fun			
fund			
funeral			
future			
gain			
game			
garage			
garden			
gas			
gate			
gear			
gender			
generation			
gift			
girl			
glass			
goal			
god			
gold			
golf			
government			
grade			
grandfather			
grandmother			
grant			
grass			
ground			
group			
growth			
guard			
guess			
guest			
guide			
guilt			
habit			
hair			
half			
hall			
hand			
handle			
happiness			
harm			
hat			
hate			
head			
health			
hearing			
heart			
heat			
heaven			
height			
hell			
help			
hero			
hill			
hint			
history			
hobby			
hold			
hole			
holiday			
home			
honey			
honor			
hope			
horror			
horse			
hospital			
host			
hotel			
hour			
house			
housing			
human			
humor			
hunger			
hunt			
hurt			
husband			
ice			
idea			
identity			
ideology			
illness			
imagination			
impact			
implication			
import			
importance			
impression			
improvement			
inch			
income			
increase			
independence			
indication			
individual			
industry			
infection			
inflation			
influence			
information			
initiative			
injury			
innovation			
inquiry			
insect			
inspiration			
installation			
instance			
institution			
instruction			
insurance			
intelligence			
intention			
interest			
interior			
interpretation			
interview			
introduction			
invasion			
investment			
invitation			
involvement			
iron			
island			
issue			
Italy			
itch			
ivory			
ivy			
jack			
jacket			
jail			
jam			
January			
Japan			
Japanese			
jar			
jaw			
jazz			
jealousy			
jeans			
jelly			
jellyfish			
jerk			
jesus			
jewel			
jewelry			
job			
jock			
jogging			
john			
jot			
journal			
journalism			
journalist			
journey			
joy			
judge			
judgement			
judgment			
judiciary			
jug			
juice			
July			
jump			
jumper			
junction			
June			
jungle			
junior			
jupiter			
jurisdiction			
juror			
jury			
justice			
key			
kick			
kid			
kill			
kind			
king			
kitchen			
knee			
knife			
labor			
lack			
lady			
lake			
land			
lane			
language			
lap			
lash			
last			
latest			
latin			
latitude			
laugh			
launch			
laundry			
laurel			
lavender			
law			
lawsuit			
lawyer			
layoff			
layout			
lead			
leader			
leadership			
leaf			
leak			
lean			
lease			
leather			
leave			
lecture			
ledge			
left			
leftover			
leg			
legality			
legalization			
legend			
legion			
legislation			
leisure			
lemon			
lemonade			
length			
leopard			
lesson			
letter			
lettuce			
level			
liability			
liaison			
liar			
liberalization			
library			
license			
lie			
life			
lift			
light			
limit			
line			
link			
list			
literature			
loan			
location			
lock			
London			
longevity			
look			
lookout			
loom			
loophole			
lord			
loser			
loss			
lot			
lottery			
lotus			
lounge			
love			
lover			
low			
loyalty			
luck			
luggage			
lull			
lumber			
lump			
lunch			
lunchtime			
lung			
lure			
luxury			
lynx			
lyric			
machine			
macroeconomics			
mad			
madam			
madness			
magazine			
magic			
magician			
magistrate			
magnesium			
magnet			
magnetism			
magnolia			
maid			
mail			
main			
mainstream			
majesty			
major			
majority			
mall			
man			
management			
manager			
manner			
map			
March			
mark			
market			
marriage			
match			
material			
matter			
May			
mayor			
maze			
meadow			
meal			
meaning			
means			
meantime			
measure			
measurement			
meat			
mechanics			
medal			
media			
mediation			
medic			
medication			
medicine			
meditation			
meeting			
melody			
melon			
member			
membership			
membrane			
memorandum			
memorial			
memory			
menace			
mentality			
mention			
mentor			
menu			
merchandise			
merchant			
mercury			
mercy			
merger			
merit			
merlion			
mesh			
mess			
messenger			
metal			
meteor			
meter			
method			
metropolis			
Mexico			
middle			
milk			
mind			
minor			
minute			
mirror			
miss			
mistake			
mix			
mixture			
moai			
moan			
mob			
mobile			
mockery			
model			
moderation			
modernism			
modesty			
molecule			
mom			
moment			
momentum			
monarchy			
Monday			
money			
monk			
monkey			
monologue			
monopoly			
monotone			
monster			
montana			
montmartre			
monument			
mood			
moon			
moonlight			
mop			
moral			
morality			
morning			
mortality			
mortgage			
mosaic			
mosque			
moss			
moth			
mother			
motion			
motivation			
mount			
mountain			
mouse			
mouth			
mouthful			
movement			
movie			
mr			
mrs			
murder			
muscle			
music			
nail			
name			
nation			
nature			
neck			
need			
negotiation			
neighbor			
neighborhood			
nest			
net			
network			
neuron			
neutral			
neutron			
newbie			
news			
newspaper			
niche			
nick			
nickel			
night			
nightingale			
nightmare			
nikujaga			
nine			
nineteen			
nineteenth			
ninetieth			
ninety			
ninth			
nip			
nitrogen			
no			
nobility			
noise			
nomination			
nonsense			
noodle			
noon			
norm			
normal			
north			
northeast			
northward			
northwest			
nose			
note			
notebook			
nothing			
notice			
notion			
novelist			
novelty			
November			
nucleus			
nude			
number			
numeral			
nun			
nurse			
nut			
nutria			
nutrient			
nutrition			
nylon			
oak			
oasis			
oat			
obedience			
objection			
obligation			
obscurity			
observance			
observation			
observer			
obsession			
obstruction			
occasion			
occupation			
occurrence			
ocean			
October			
octopus			
odd			
oddity			
odds			
odor			
off			
offense			
offensive			
offer			
offering			
office			
officer			
official			
oil			
okra			
okroshka			
old-timer			
olive			
omelet			
omission			
on			
one			
onion			
onset			
operation			
operator			
opinion			
opponent			
opposition			
option			
order			
ordinary			
organization			
origin			
output			
outside			
owner			
pace			
pack			
page			
pain			
painting			
pair			
panel			
paper			
parent			
park			
part			
partner			
partnership			
party			
pass			
passage			
passenger			
passion			
passive			
passport			
past			
pasta			
pastel			
pastime			
pastry			
pasture			
pat			
path			
patience			
patient			
patriot			
patriotism			
patrol			
patronage			
pawn			
pay			
paycheck			
payday			
payment			
payoff			
payroll			
paystub			
pea			
peace			
peach			
peacock			
peanut			
pear			
pearl			
peat			
peck			
peculiarity			
pedestrian			
peek			
peep			
peg			
pelmeni			
pen			
penalty			
pence			
pencil			
pendant			
penguin			
peninsula			
pennsylvania			
penny			
pension			
people			
pepper			
percent			
percentage			
perception			
perch			
perfection			
performance			
perfume			
period			
perjury			
permission			
perseverance			
person			
persona			
personality			
personnel			
perspective			
persuasion			
pest			
pesticide			
pet			
phantom			
pharmacy			
philosopher			
philosophy			
pho			
phoenix			
phone			
photo			
photograph			
photographer			
photography			
photon			
photosynthesis			
physician			
physicist			
physics			
pi			
pianist			
piano			
pick			
pickle			
pickup			
picnic			
picture			
piece			
pilot			
pitch			
place			
plan			
plane			
plant			
plastic			
plate			
platform			
play			
player			
pleasure			
plot			
poem			
poet			
point			
police			
policy			
politics			
pollution			
pool			
population			
position			
possibility			
post			
pot			
poultry			
pound			
poverty			
powder			
power			
practice			
prairie			
praise			
prawn			
prayer			
preacher			
precaution			
precedent			
precious			
precipitation			
prediction			
prefecture			
preference			
pregnancy			
prejudice			
prelude			
premier			
premise			
premium			
preoccupation			
preparation			
prescription			
presence			
present			
presentation			
preservative			
preserve			
presidency			
president			
press			
pressure			
prestige			
presumption			
pretense			
pretension			
prey			
price			
pricing			
pride			
priest			
prime			
prince			
princess			
principal			
principle			
print			
prior			
priority			
prison			
private			
privatization			
privilege			
prize			
probability			
probation			
problem			
procedure			
proceeding			
process			
procession			
procurement			
produce			
producer			
production			
productivity			
profession			
professor			
profit			
profitability			
program			
progress			
progression			
prohibition			
project			
projection			
prominence			
promise			
promotion			
pronunciation			
proof			
propaganda			
property			
prophecy			
proportion			
proposal			
proposition			
propriety			
prose			
prosecution			
prosecutor			
prospect			
prosperity			
protection			
protectionism			
protector			
protest			
province			
provision			
psychology			
public			
publication			
punch			
purchase			
purpose			
pursuit			
quality			
quantity			
quarter			
queen			
question			
race			
radio			
rain			
range			
rank			
rate			
ratio			
reach			
reaction			
reading			
ready			
real			
reality			
realization			
rear			
reason			
rebate			
rebellion			
recall			
receipt			
receiver			
reception			
receptor			
recess			
recession			
recitation			
recognition			
recollection			
recommendation			
reconnaissance			
reconstruction			
record			
recourse			
recovery			
recreation			
red			
reduction			
redundancy			
redwood			
reed			
reference			
refinement			
reflection			
reflex			
reform			
refraction			
refreshment			
refuge			
refugee			
refusal			
regard			
regime			
regiment			
region			
register			
registration			
registry			
regret			
regulation			
rehabilitation			
rehearsal			
reign			
reimbursement			
reindeer			
reinforcement			
rejection			
relation			
relationship			
relative			
relaxation			
relay			
release			
reliance			
relic			
relief			
religion			
relish			
relocation			
remain			
remainder			
remark			
remedy			
remembrance			
reminiscence			
remnant			
remuneration			
Renaissance			
rendezvous			
renewal			
renown			
rental			
repair			
repayment			
repetition			
replacement			
reply			
report			
reporter			
repose			
representation			
representative			
repression			
reproach			
reproduction			
reptile			
republic			
republican			
reputation			
request			
research			
reservation			
reserve			
resident			
resolution			
resource			
respect			
response			
responsibility			
rest			
restaurant			
result			
retirement			
return			
revenue			
review			
revolution			
reward			
rice			
ride			
ring			
risk			
river			
road			
rock			
role			
room			
root			
row			
rugby			
ruin			
rule			
ruler			
ruling			
rumble			
run			
runner			
rupture			
rush			
Russian			
rustle			
rye			
sack			
sacrifice			
saddle			
sadness			
safety			
sage			
sail			
sailing			
sailor			
saint			
sake			
salad			
salary			
sale			
sales			
salesman			
salmon			
salon			
salt			
salvation			
samosa			
samurai			
sanction			
sanctuary			
sand			
sandal			
sandwich			
sandy			
sap			
sapphire			
sarcasm			
sardine			
satellite			
satire			
satisfaction			
Saturday			
saturn			
sauce			
sausage			
saving			
savior			
savor			
say			
scale			
scan			
scandal			
scar			
scarcity			
scare			
scarf			
scatter			
scenario			
scene			
scent			
schedule			
scheme			
scholar			
scholarship			
school			
schooling			
science			
scientist			
scissor			
scope			
scorch			
score			
scorn			
Scotland			
scout			
scramble			
scrap			
scratch			
scrawl			
scream			
screen			
screening			
screw			
screwdriver			
scribble			
script			
scripture			
scrub			
scrutiny			
sculpture			
scurry			
scythe			
sea			
season			
seat			
second			
secret			
secretary			
section			
security			
selection			
self			
sense			
series			
service			
session			
settlement			
sex			
shade			
shadow			
shake			
shame			
shape			
share			
shelter			
shine			
shirt			
shock			
shoe			
shop			
shopping			
shoulder			
shovel			
show			
shower			
shred			
shrimp			
shrine			
shrub			
shudder			
shuffle			
shuttle			
sickle			
sickness			
side			
sideboard			
siege			
sight			
sightseeing			
sign			
signal			
signature			
silence			
silk			
silver			
similarity			
simmer			
sin			
sincerity			
singer			
sink			
sir			
sister			
site			
six			
sixteen			
sixteenth			
sixth			
sixtieth			
sixty			
size			
skate			
skating			
sketch			
ski			
skid			
skiing			
skill			
skin			
skirt			
sky			
slab			
slack			
slam			
slant			
slash			
slate			
slaughter			
slaughterhouse			
slave			
slavery			
sleep			
sleeve			
sling			
slip			
slob			
slogan			
slope			
slowdown			
slug			
slum			
slumber			
slump			
smack			
small			
smart			
smell			
smile			
smoke			
smoking			
smooth			
smother			
snail			
snake			
snap			
snarl			
snow			
snowboarding			
snowstorm			
snuff			
snug			
soap			
soccer			
socialism			
socialist			
society			
socioeconomics			
sock			
soda			
sodium			
sofa			
soil			
soldier			
sole			
solicitor			
solid			
solitary			
solitude			
solution			
son			
song			
sorrow			
sort			
soul			
sound			
soup			
sour			
source			
south			
southeast			
southward			
southwest			
sovereignty			
soviet			
soybean			
space			
spacecraft			
spaceship			
spade			
spaghetti			
span			
Spanish			
spark			
sparrow			
spasm			
speaker			
specialist			
specialty			
species			
specific			
specification			
spectacle			
spectator			
speculation			
speech			
speed			
spell			
spelling			
sperm			
spice			
spider			
spill			
spin			
spinach			
spirit			
spit			
split			
spoil			
spokesperson			
sponge			
sponsor			
spoon			
sport			
sporting			
spot			
spotlight			
sprawl			
spray			
spread			
spring			
springtime			
sprout			
spy			
squadron			
square			
squash			
squat			
squeak			
squeeze			
squid			
squirrel			
stack			
stadium			
staff			
stage			
stagger			
stagnation			
stain			
stair			
stake			
stalk			
stall			
stamp			
stand			
standing			
star			
starch			
start			
start-up			
starvation			
state			
statement			
station			
statistics			
statue			
status			
stay			
steak			
steal			
steam			
steep			
stem			
step			
stereo			
stew			
stick			
stigma			
still			
stink			
stint			
stir			
stitch			
stock			
stockbroker			
stockholder			
stocking			
stomach			
stomachache			
stone			
Stonehenge			
stool			
stoop			
stop			
storage			
store			
storm			
story			
straight			
strain			
strait			
stranger			
strap			
strategy			
straw			
strawberry			
stream			
street			
strength			
stress			
stretch			
strife			
strike			
striker			
string			
stroke			
structure			
student			
studio			
study			
stump			
stupidity			
style			
subconscious			
subdivision			
subject			
submission			
subscription			
subsidiary			
subsidy			
substance			
subtlety			
suburb			
success			
succession			
suck			
sucker			
sue			
sufficiency			
sugar			
suggestion			
suicide			
suit			
sukiyaki			
sulfur			
sultan			
sum			
summary			
summer			
summertime			
summit			
sun			
sunburn			
Sunday			
sunflower			
sunlight			
sunrise			
sunset			
sunshine			
superconductor			
superior			
supermarket			
supernova			
superpower			
supervision			
supervisor			
supper			
supplement			
supplier			
supply			
support			
supporter			
supposition			
surcharge			
surf			
surface			
surfing			
surge			
surgeon			
surgery			
surplus			
surprise			
surrender			
survey			
survival			
sushi			
suspect			
suspension			
suspicion			
swamp			
swan			
swap			
sweat			
sweater			
sweep			
sweet			
sweetheart			
sweetie			
swell			
swift			
swimming			
swing			
switch			
sword			
Sydney			
symbol			
sympathy			
symphony			
symptom			
syndicate			
syndrome			
synthesis			
syrup			
system			
table			
tablet			
tack			
tackle			
tact			
tag			
tail			
tailor			
takeoff			
takeover			
tale			
talent			
talk			
tally			
tan			
tank			
tap			
tape			
tariff			
task			
taste			
tattoo			
tax			
taxation			
taxi			
taxpayer			
tea			
teacher			
team			
tear			
tech			
technique			
technology			
telegraph			
telephone			
television			
temper			
temperament			
temperance			
tempest			
temple			
tempo			
temptation			
tempura			
ten			
tennis			
tenor			
tension			
tent			
tenth			
term			
termination			
terminology			
territorial			
territory			
terror			
test			
testament			
testimony			
Texas			
text			
textbook			
textile			
thank			
thanksgiving			
theater			
theatrical			
theft			
theology			
theory			
therapy			
thermal			
thermodynamics			
thesis			
thick			
thickness			
thief			
thing			
think			
thinking			
third			
thirst			
thirteen			
thirteenth			
thirtieth			
thirty			
thorn			
thoroughfare			
thought			
thousand			
thousandth			
thread			
threat			
three			
thrift			
throat			
throne			
thrust			
thumb			
thunder			
thunderstorm			
Thursday			
ticket			
tide			
tie			
tiger			
tights			
timber			
time			
tin			
tingle			
tissue			
title			
toad			
toast			
tobacco			
today			
toe			
toil			
toilet			
tolerance			
toll			
tomato			
tomb			
tomorrow			
ton			
tone			
tongs			
tongue			
tonic			
tool			
tooth			
toothache			
top			
topping			
torment			
tornado			
torpedo			
torrent			
torture			
toss			
touch			
tour			
tourist			
towel			
tower			
town			
townspeople			
toy			
trace			
track			
tractor			
trade			
trademark			
trader			
tradition			
tragedy			
trail			
train			
training			
tramp			
transaction			
transfer			
transit			
translation			
transmission			
transparency			
transport			
transportation			
trap			
trauma			
travel			
traveler			
tray			
treachery			
tread			
treasure			
treasurer			
treasury			
treat			
treatment			
treaty			
treble			
tree			
tremble			
trespass			
trial			
tribe			
tribunal			
tribute			
trick			
trickle			
trifle			
trim			
trio			
trip			
triumph			
troop			
trot			
trouble			
trough			
trout			
truce			
true			
trumpet			
trunk			
trust			
truth			
tube			
tuberculosis			
tuck			
Tuesday			
tuition			
tulip			
tumble			
tumor			
tuna			
tune			
turf			
Turkey			
turn			
turnaround			
turnip			
turnover			
turtle			
twelfth			
twelve			
twentieth			
twenty			
twig			
twin			
twinkle			
twist			
twitter			
two			
type			
typhoon			
tyranny			
tyrant			
ukha			
ultimate			
ultrasound			
umbrella			
uncertainty			
uncle			
unconscious			
undergraduate			
underground			
underneath			
underside			
understanding			
undertaking			
underwater			
underwear			
unemployment			
uniform			
union			
unit			
unity			
universe			
university			
unknown			
unseen			
up			
upgrade			
uplift			
upright			
upset			
upside			
upstairs			
upturn			
uranium			
uranus			
urge			
usage			
use			
usual			
utility			
utmost			
utopia			
utterance			
vacancy			
vacation			
vaccine			
vacuum			
validity			
valley			
valuation			
value			
van			
vanilla			
vanity			
vapor			
variation			
variety			
varnish			
vase			
vault			
vegetable			
vegetation			
veil			
vein			
velocity			
vendor			
vengeance			
venture			
venus			
verdict			
verse			
vertebra			
vest			
veteran			
veto			
vibe			
vibration			
vice			
vicinity			
victim			
victor			
victory			
video			
videoconference			
view			
village			
villain			
vine			
vinegar			
vineyard			
vintage			
viola			
violation			
violence			
violet			
violin			
violinist			
virgin			
Virginia			
virtue			
virus			
visa			
visibility			
vision			
visitor			
vital			
vitamin			
vocabulary			
vocation			
vogue			
voice			
void			
volcano			
volley			
volleyball			
volt			
voltage			
volume			
volunteer			
vomit			
vortex			
vote			
voucher			
vow			
voyage			
wade			
wage			
wail			
waist			
wait			
waiter			
waitress			
walk			
wall			
wallet			
walnut			
waltz			
wane			
want			
war			
ward			
wardrobe			
ware			
warfare			
warm			
warp			
warrant			
warranty			
warrior			
warship			
wartime			
wash			
washington			
wasp			
waste			
watch			
water			
watercolor			
waterfall			
watermelon			
waterproof			
watt			
wave			
wavelength			
wax			
way			
weakness			
wealth			
weapon			
weather			
wedding			
Wednesday			
weed			
week			
weekday			
weekend			
weep			
weight			
weirdo			
welfare			
west			
westward			
wet			
whale			
wheat			
wheel			
wheelchair			
wheels			
whelk			
while			
whip			
whirl			
whirlwind			
whiskey			
whisper			
white			
wholesale			
why			
widow			
width			
wife			
wig			
wild			
will			
willow			
wince			
wind			
windfall			
window			
wine			
wink			
winner			
winter			
wintertime			
wire			
wireless			
wisconsin			
wisdom			
wish			
wit			
witch			
witness			
woe			
wolf			
woman			
wonder			
wonton			
wood			
woodland			
wool			
woolen			
word			
work			
worker			
workflow			
workforce			
workload			
workplace			
workweek			
world			
worm			
worry			
worship			
worth			
wound			
wrap			
wreck			
wrench			
wrestling			
wrist			
writer			
wrong			
x-ray			
xanadu			
xenon			
xenophobia			
xerox			
xmas			
xylitol			
xylophone			
yak			
yard			
yarn			
year			
yellow			
yen			
yes			
yesterday			
yield			
yogurt			
yoke			
young			
youth			
zeal			
zebra			
zeppelin			
zero			
zest			
zip			
zodiac			
zone			
zoo			
zoom			
zucchini			
doughnut			
drain			
dread			
dressing			
drift			
drip			
drone			
dusk			
earnings			
earring			
Easter			
eastward			
eclipse			
ecology			
e-commerce			
eggplant			
Egypt			
elaboration			
elastic			
electron			
elegance			
elite			
ellipsis			
e-mail			
embodiment			
emigration			
eminence			
enactment			
frog			
frontier			
frost			
fume			
fungus			
funk			
fury			
fusion			
fuss			
galaxy			
gale			
gallery			
garlic			
garment			
gateway			
gathering			
gaze			
geek			
gem			
general			
generosity			
genesis			
genius			
gentleman			
geography			
germ			
gesture			
ghost			
giant			
gibbon			
gig			
gin			
ginger			
giraffe			
glee			
glitter			
globe			
gloom			
glory			
glove			
glow			
glue			
go			
goat			
goddess			
goodwill			
gorilla			
gospel			
gossip			
governor			
gown			
grace			
graduation			
grain			
gram			
grammar			
grand			
grandparent			
grape			
grasp			
gratification			
gratitude			
grave			
gravity			
gravy			
Greek			
green			
greeting			
grenade			
grid			
grief			
grip			
guarantee			
guitar			
gum			
gun			
gut			
gutter			
gym			
gymnastics			
hail			
halt			
hamburger			
hammer			
handkerchief			
hangover			
harbor			
hardship			
hare			
harmony			
harp			
harvest			
hatred			
hawk			
hay			
hazard			
haze			
headache			
heading			
headline			
heel			
helm			
hen			
herald			
herb			
herd			
heroic			
heroine			
hertz			
high			
highland			
highway			
hindrance			
hip			
hockey			
hoe			
hog			
holy			
homage			
homework			
homicide			
hood			
hop			
horizon			
hormone			
horn			
hose			
hospitality			
hostility			
housewife			
hue			
humanism			
humanity			
hunter			
hurricane			
hydrogen			
hypocrisy			
hypothesis			
iceberg			
idiom			
idleness			
idol			
illumination			
illusion			
illustration			
imitation			
immigration			
imperative			
imperfection			
implement			
imposition			
imprisonment			
impulse			
incarceration			
incentive			
inclination			
inconsistency			
Indian			
individuality			
infancy			
infant			
infinite			
influenza			
infringement			
ingredient			
inhabitant			
inheritance			
injection			
inn			
innocence			
inscription			
insolvency			
inspector			
instant			
instinct			
institute			
insult			
insurgent			
insurrection			
intellect			
interjection			
intermission			
interruption			
invalid			
invention			
inventor			
investigation			
investor			
invoice			
ion			
iris			
irony			
irrigation			
irritation			
islam			
isle			
Italian			
kangaroo			
keep			
kernel			
ketchup			
kettle			
kidney			
kilometer			
kindness			
kingdom			
kinship			
kit			
kite			
knight			
knot			
knuckle			
koala			
Korean			
label			
laboratory			
ladder			
lamb			
landing			
landscape			
liberty			
lick			
lieutenant			
lightning			
lilac			
lily			
limb			
lime			
lion			
lip			
liquid			
liquor			
litter			
liver			
livestock			
lizard			
llama			
load			
lobster			
locality			
locker			
locust			
maker			
makeup			
malt			
mammoth			
mango			
manifestation			
mankind			
manufacture			
maple			
marathon			
marble			
mare			
margin			
marine			
marketing			
marketplace			
marrow			
Mars			
marsh			
marvel			
Maryland			
masculine			
mask			
mass			
massage			
master			
masterpiece			
mastery			
mathematics			
microorganism			
microscope			
midnight			
midst			
migration			
mile			
milieu			
military			
mill			
mine			
mining			
minister			
ministry			
miracle			
mischief			
misdemeanor			
misery			
misfortune			
missile			
missionary			
mississippi			
mist			
mister			
multitude			
murderer			
museum			
mushroom			
musical			
musician			
muslim			
mustard			
mystery			
myth			
naan			
narration			
narrative			
nationalist			
nationality			
nausea			
navy			
necessity			
neon			
nerd			
nerve			
opera			
oppression			
orange			
orbit			
ordinance			
organ			
organism			
orient			
ornament			
ostrich			
ounce			
outbreak			
outlet			
outrage			
outset			
overcoat			
overflow			
oversight			
overtime			
overture			
oxygen			
oyster			
pact			
pad			
paint			
painter			
pal			
palace			
palm			
pan			
pancake			
panda			
panic			
panther			
pants			
paradise			
paralysis			
parcel			
pardon			
parliament			
parsley			
particle			
particular			
partition			
pie			
pig			
pigeon			
pilgrim			
pill			
pin			
pinch			
pine			
pineapple			
pink			
pipe			
pit			
pitchfork			
pity			
pizza			
placement			
plague			
plaintiff			
planet			
plantation			
plateau			
platoon			
playground			
plea			
pledge			
plow			
plum			
plump			
pocket			
poetry			
pointer			
poison			
pole			
policeman			
politician			
poll			
pond			
pop			
popcorn			
pope			
pork			
port			
portion			
positive			
possession			
posture			
potassium			
potato			
potter			
pottery			
proton			
proxy			
psyche			
puddle			
pull			
pulse			
pump			
pumpkin			
punishment			
pupil			
purity			
purse			
push			
puzzle			
qualification			
quarrel			
query			
quiz			
quota			
quotation			
rabbit			
rack			
racket			
radiation			
radish			
raft			
rage			
rail			
railway			
rainbow			
raise			
raisin			
rally			
ram			
ranch			
raspberry			
rat			
ravage			
raven			
ray			
re			
reader			
readiness			
residence			
resistance			
resolve			
resonance			
resort			
restoration			
resume			
resurrection			
retreat			
revenge			
reverence			
reverse			
revision			
revival			
revolt			
rhyme			
rhythm			
ribbon			
riches			
riddle			
rifle			
rig			
right			
riot			
ripple			
rise			
rite			
ritual			
roast			
robber			
robbery			
robe			
rocket			
rod			
roll			
roman			
romance			
roof			
rope			
rose			
rot			
rub			
rubber			
ruby			
seafood			
seal			
seasoning			
seaweed			
sect			
seed			
segment			
seizure			
semblance			
semiconductor			
sensation			
sentence			
sentiment			
separation			
September			
seriousness			
serpent			
servant			
serviceman			
sesame			
set			
severity			
shaft			
shampoo			
shark			
sheep			
sheet			
shell			
shellfish			
shepherd			
sherbet			
sherry			
shield			
ship			
shiver			
shore			
downsizing			
downstairs			
downturn			
doze			
drag			
drawback			
droop			
dwarf			
dynamic			
earnest			
ebb			
eccentricity			
economist			
ecosystem			
edible			
eightieth			
eighty			
electric			
electrolysis			
electrolyte			
electromagnet			
electromagnetism			
eleven			
eleventh			
elm			
embarrassment			
enclosure			
encore			
encouragement			
fringe			
fundamental			
fur			
furrow			
fuse			
gallop			
gamble			
ganges			
gape			
gene			
generality			
generalization			
genetics			
genome			
gentry			
geology			
German			
glacier			
glare			
glossy			
goldfish			
goodness			
goods			
goose			
gorge			
grapefruit			
grasshopper			
gravel			
gray			
graze			
grazing			
greenhouse			
greyhound			
grind			
grocery			
gross			
grotesque			
grove			
grub			
grumble			
guideline			
guild			
guitarist			
gunshot			
gush			
gust			
half-life			
ham			
hamster			
handicraft			
hang			
harassment			
hardness			
hardy			
harmonica			
haul			
hawaii			
headquarters			
healing			
heath			
heather			
heave			
herbicide			
hereafter			
heritage			
herring			
hick			
hide			
hierarchy			
highness			
hike			
hiking			
hiss			
historian			
holiness			
hollywood			
holocaust			
honesty			
honeymoon			
hoodie			
hook			
hostage			
household			
housekeeping			
housework			
hum			
humility			
hundred			
hundredth			
hunting			
hurdle			
hydrangea			
hydroxide			
hymn			
ideal			
ignition			
immunity			
impeachment			
imperfect			
imperial			
impetus			
impossibility			
inadequacy			
inauguration			
incidence			
incidental			
inclusion			
inconvenience			
India			
indictment			
indignity			
induction			
indulgence			
inefficiency			
inequality			
inevitable			
infantry			
inference			
infinity			
inflammation			
influx			
infrastructure			
initiation			
injustice			
ink			
inning			
insecticide			
insecurity			
inside			
installment			
insulator			
intake			
interchange			
interim			
intersection			
intimacy			
intuition			
inventory			
Ireland			
Irish			
irrelevance			
italic			
keynote			
kimchi			
kitten			
kitty			
klutz			
knitting			
knockoff			
Korea			
lace			
lance			
licorice			
lid			
like			
likeness			
limitation			
limp			
lining			
lipstick			
listener			
litigation			
loaf			
local			
logistics			
mammal			
mandate			
mania			
manure			
maroon			
mat			
math			
microbiology			
microeconomics			
midway			
mileage			
millennium			
million			
millionth			
mineral			
miniature			
mink			
minority			
mint			
mitosis			
mitt			
mixer			
ms			
mule			
muse			
muskrat			
mutation			
mutter			
mythology			
nap			
nationalism			
nationalization			
needle			
neptune			
optics			
orchard			
orchestra			
orchid			
ordeal			
orientation			
original			
out			
outcry			
outfit			
outlay			
overall			
overdraft			
overhead			
pacific			
packing			
paddle			
pageant			
pail			
pajama			
pale			
pang			
pansy			
pantheon			
paperwork			
par			
paradox			
parody			
parthenon			
piety			
pigment			
pioneer			
pirozhki			
pitcher			
planning			
planting			
plaque			
plaster			
pluck			
plunge			
plural			
pluto			
pneumonia			
pocketbook			
Polish			
pollen			
pony			
popularity			
potentiality			
potluck			
protein			
protestant			
protocol			
proverb			
providence			
prune			
pudding			
puff			
pulp			
pulpit			
puncture			
punk			
puppy			
purple			
quarry			
questionnaire			
raccoon			
racism			
radar			
radioactivity			
rag			
rainfall			
rake			
ransom			
rap			
rarity			
rash			
ration			
rationale			
rattle			
rescue			
resemblance			
resignation			
restraint			
restriction			
restructuring			
retail			
retailer			
rethink			
reunion			
revelation			
rhea			
ridge			
rigor			
rinse			
rival			
riverside			
roadside			
robin			
rouge			
royalty			
seashore			
seaside			
sediment			
self-employment			
semester			
semifinal			
seminar			
senate			
senator			
sensibility			
sequence			
sergeant			
sermon			
seven			
seventeenth			
seventh			
sewing			
shareholder			
shatter			
shave			
shchi			
shear			
shipment			
shipwreck			
eighteen			
eighth			
landmine			
missouri			
prowl			
roti			
seventeen			
retrial			
seventy			
michigan			
beginning			
boredom			
cleanliness			
dryness			
durability			
freshness			
aluminium			
amazement			
ambassador			
ambulance			
amphibian			
amplifier			
analyst			
anchor			
anesthesia			
antenna			
anthology			
